[
  {
    "id":1,
    "name":"DATA STRUCTURES AND ALGORITHMS IN PYTHON",
    "price":1500,
    "image":"images/dsa.jpg"

  },
  {
    "id":2,
    "name":"JAVA THE COMPLETE REFERENCE, 13E",
    "price":700,
    "image":"images/java.jpg"

  },
  {
    "id":3,
    "name":"CODING THE MATRIX: LINEAR ALGEBRA THROUGH APPLICATIONS TO COMPUTER SCIENCE",
    "price":1330,
    "image":"images/maths.jpg"

  },
  {
    "id":4,
    "name":"DATABASE SYSTEM CONCEPTS |7TH EDITION",
    "price":500,
    "image":"images/Dbms.jpg"

  },
  {
    "id":5,
    "name":"POWER ELECTRONICS: DEVICES, CIRCUITS, AND APPLICATIONS, 4E",
    "price":200,
    "image":"images/electronics.jpg"

  },
  {
    "id":6,
    "name":"Numerical Methods in Science and Engineering (PB 2017)",
    "price":500,
    "image":"images/numericals.jpg"

  },
  {
    "id":7,
    "name":"OPERATING SYSTEM CONCEPT ( NINTH EDITION - 2018)",
    "price":480,
    "image":"images/os.jpg"

  },
  {
    "id":8,
    "name":"FUNDAMENTALS OF SOFTWARE ARCHITECTURE AN ENGINEERING APPROACH",
    "price":470,
    "image":"images/software.jpg"

  },
  {
    "id":9,
    "name":"Object Oriented Programming with C++ | 8th Edition, E.Balagurusamy",
    "price":670,
    "image":"images/cprogram.jpg"

  },
  {
    "id":10,
    "name":"Discrete Mathematics with Applications",
    "price":280,
    "image":"images/discreate.jpg"

  },
  {
    "id":11,
    "name":"Fundamentals of Software Engineering",
    "price":170,
    "image":"images/se.jpg"

  },
  {
    "id":12,
    "name":"Optimization Techniques and Applications with Examples",
    "price":1500,
    "image":"images/optimization.jpg"

  },

  {
    "id":13,
    "name":"Analysis and design of algorithms for GTU Semester - V (CE / CSE / IT / I & CT -3150703 )",
    "price":270,
    "image":"images/analysis.webp"

  }, {
    "id":14,
    "name":"Software Testing Tools (with CD)",
    "price":1050,
    "image":"images/testing_tools.jpg"

  },
  {
    "id":15,
    "name":"Machine Learning Using Python",
    "price":290,
    "image":"images/machine.webp"

  },
  {
    "id":16,
    "name":"Theory of Machines",
    "price":360,
    "image":"images/theory-of-machines-original-imafyn8phbmsgz5s.webp"

  }, {
    "id":17,
    "name":"Design Data Handbook for Mechanical Engineers in SI and Metric Units",
    "price":255,
    "image":"images/design-data-handbook-for-mechanical-engineers-in-si-and-metric-original-imafzrczuux77xvy.webp"

  }, {
    "id":18,
    "name":"Machine Learning for Absolute Beginners",
    "price":170,
    "image":"images/machine_beginners.webp"

  }, {
    "id":19,
    "name":"Concepts in Thermal Physics",
    "price":4490,
    "image":"images/concepts-in-thermal-physics-original-imagyzd5hyzcnyrk.webp"

  }, {
    "id":20,
    "name":"Learn AI with Python",
    "price":390,
    "image":"images/learn-ai-with-python-original-imag7xhdrv2mhvv6.webp"

  }, {
    "id":21,
    "name":"Web Development with MongoDB and Node.js",
    "price":2190,
    "image":"images/web-development-with-mongodb-and-node-js-original-imafjzuqhaujxpby.webp"

  }, {
    "id":22,
    "name":"PHP and MongoDB Web Development Beginner's Guide",
    "price":2190,
    "image":"images/php-and-mongodb-web-development-beginner-s-guide-original-imaff237gcyzjfzh.webp"

  }, {
    "id":23,
    "name":"Algorithmic Aspects of Machine Learning",
    "price":1390,
    "image":"images/algorithmic-aspects-of-machine-learning-original-imafyhmng3qyfwvc.webp"

  }, {
    "id":24,
    "name":"Android App Development",
    "price":5190,
    "image":"images/android-app-development-original-imaggemfukgy3ygj.webp"

  }, {
    "id":25,
    "name":"The Basics of Bitcoins and Blockchain",
    "price":230,
    "image":"images/the-basics-of-bitcoins-and-blockchain-original-imafzu34zzaxarnq.webp"

  }

]